{"cameraMode":{"drawMode":0,"name":"Shaded","section":"Shading Mode"},"sceneLighting":false,"audioPlay":false,"sceneViewState":{"showFog":false,"showMaterialUpdate":false,"showSkybox":false,"showFlares":false,"showImageEffects":false,"showParticleSystems":false},"in2DMode":false,"pivot":{"x":-0.0007925033569335938,"y":0.0041561126708984379,"z":-0.007586479187011719},"rotation":{"x":0.06602910161018372,"y":0.08371634036302567,"z":-0.0055540152825415138,"w":0.9943170547485352},"size":18.60080337524414,"orthographic":false}