{"cameraMode":{"drawMode":0,"name":"Shaded","section":"Shading Mode"},"sceneLighting":false,"audioPlay":false,"sceneViewState":{"showFog":false,"showMaterialUpdate":false,"showSkybox":false,"showFlares":false,"showImageEffects":false,"showParticleSystems":false},"in2DMode":false,"pivot":{"x":1.871999979019165,"y":1.0021027326583863,"z":0.6250737905502319},"rotation":{"x":0.13510501384735108,"y":-0.8633580207824707,"z":0.3149767518043518,"w":0.37043076753616335},"size":10.0,"orthographic":false}